title,artist,short_history,short_plot,short_biography,short_painting,detailed_history,detailed_plot,detailed_biography,detailed_painting
"Последний день Помпеи","Карл Павлович Брюллов","Картина написана в 1830-1833 годах после путешествия Брюллова по Италии. Полотно стало международным событием и принесло художнику европейскую славу. Для русской школы это был редкий случай столь громкого успеха исторической картины.","Сюжет основан на гибели города Помпеи при извержении Везувия в 79 году. В центре показана толпа людей, пытающихся спастись в хаосе катастрофы. Персонажи объединены драмой выбора между страхом, долгом и любовью.","Карл Брюллов учился в Императорской Академии художеств и рано получил признание. Он много работал в Италии, где сформировал свой монументальный стиль. После триумфа картины художник стал одной из ключевых фигур русского романтизма.","Брюллов строит композицию на резких диагоналях и контрасте света и тени. Горячая палитра подчеркивает ощущение огня и паники. Академическая точность рисунка сочетается с эмоциональной романтической экспрессией.","Полотно создавалось после серьезной подготовки: Брюллов изучал античные источники, археологические находки и зарисовки руин. В 1833 году картина была показана в Риме и Милане, где вызвала восторженные отзывы критиков. Для России это стало важным культурным событием, подтвердившим высокий уровень национальной живописи. Работа пополнила собрание императорской коллекции и позднее оказалась в Русском музее. До сих пор она воспринимается как символ эпохи романтизма в русском искусстве.","На переднем плане художник разворачивает несколько микродрам: родители прикрывают детей, влюбленные поддерживают друг друга, священник пытается сохранить достоинство в хаосе. Вся сцена строится на нарастающем чувстве неизбежности. Разрушающаяся архитектура и вспышки молний создают ощущение конца мира. При этом персонажи сохраняют человеческое достоинство, что усиливает нравственный смысл картины. Сюжет о катастрофе становится размышлением о ценности жизни и верности близким.","Брюллов родился в семье художников и получил блестящее академическое образование в Петербурге. Ранняя карьера связана с историческими и портретными заказами. Во время итальянского периода он выработал узнаваемую манеру, сочетающую академизм и романтическую драму. После возвращения в Россию преподавал и влиял на новое поколение мастеров. Его творчество стало важным мостом между классической школой и живописью второй половины XIX века.","Картина отличается сложной многофигурной постановкой, где взгляд зрителя движется по диагоналям от ярко освещенных групп к темным провалам пространства. Брюллов применяет контраст теплых и холодных оттенков для передачи огня, дыма и каменной пыли. Тщательная моделировка фигур напоминает академическую скульптурность, но в жестах много нервной энергии. Архитектурные формы заданы как разрушающийся каркас, усиливающий динамику сцены. В результате живописная система работает одновременно как историческая реконструкция и как эмоциональный театр."
"Девятый вал","Иван Константинович Айвазовский","Картина написана в 1850 году и стала одной из самых известных в творчестве Айвазовского. Она закрепила за художником статус главного мариниста Российской империи. Полотно многократно воспроизводилось и стало визуальным символом силы моря.","Сюжет показывает людей, переживших кораблекрушение после ночной бури. На рассвете к ним приближается огромная волна, которую моряки называли девятым валом. Картина сочетает страх перед стихией и надежду на спасение.","Айвазовский родился в Феодосии и с юности был связан с морской темой. Он окончил Академию художеств и много путешествовал, наблюдая разные состояния моря. Большую часть жизни художник посвятил пейзажам, где море выступает главным героем.","Художник использует прозрачные слои краски, чтобы передать свечение воды и неба. Теплые розово-золотые тона рассвета контрастируют с тревожными зелено-синими волнами. Композиция выстроена так, что взгляд движется от людей к грозному гребню волны.","Работа создана в зрелый период мастера, когда Айвазовский уже имел европейскую известность и опыт работы при Морском ведомстве. Полотно отражает романтическую идею человека перед лицом природы, но без полного отчаяния. В середине XIX века такая интерпретация моря воспринималась как современная и эмоционально сильная. Картина быстро стала хрестоматийной и вошла в число самых узнаваемых произведений русского искусства. В экспозиции Русского музея она неизменно привлекает зрителей.","В центре сюжета находится небольшая группа людей, уцепившихся за обломок мачты в форме креста. Они еще живы, и восход солнца намекает на возможное спасение. Однако впереди их ждет самый опасный момент — встреча с девятым валом. Айвазовский не показывает финал, оставляя зрителя в напряжении между надеждой и страхом. Эта неопределенность делает картину особенно драматичной.","Иван Айвазовский получил академическое образование в Петербурге и рано проявил исключительную память на природные состояния. Он работал как официальный художник морского штаба и часто писал виды портов, кораблей и сражений. При этом его лучшие полотна выходят за пределы документальности и становятся философскими образами стихии. Мастер оставил огромное наследие и оказал влияние на развитие маринистики в России. Его имя прочно связано с Феодосией, где он организовывал художественную и благотворительную деятельность.","Живописное решение построено на сложной градации полупрозрачных зеленых, бирюзовых и золотистых оттенков. Свет не просто освещает сцену, а формирует эмоциональную ось картины: от мрака ночи к теплому рассвету. Волна прописана энергичными мазками, создающими эффект движения воды. Фигуры людей даны обобщенно, чтобы не отвлекать от мощи стихии, но достаточно выразительно для сопереживания. Такая пластика делает полотно одновременно эпическим и очень человечным."
"Запорожцы пишут письмо турецкому султану","Илья Ефимович Репин","Репин работал над картиной в 1880-1891 годах, постоянно уточняя характеры и детали. Полотно стало крупным явлением в историко-бытовой живописи конца XIX века. Для публики оно символизировало свободолюбивый народный дух.","Сюжет основан на легенде о насмешливом ответе запорожцев на требование султана о покорности. Художник показывает момент коллективного сочинения дерзкого письма. Сцена построена как бурный праздник смеха и товарищества.","Илья Репин — один из ведущих художников-передвижников, мастер психологического портрета и исторической сцены. Он учился в Академии художеств и много работал с натурой. В его творчестве сочетаются социальная наблюдательность и яркий живописный темперамент.","Композиция насыщена лицами, жестами и контрастными цветовыми акцентами. Репин использует плотную живопись и активный ритм мазка, чтобы передать энергию толпы. Свет выделяет центральные группы, но все пространство остается динамичным.","Работа создавалась на основе длительных этнографических и исторических поисков: Репин собирал костюмы, оружие и документы, делал многочисленные этюды. В конце XIX века картина воспринималась как образ национального характера и коллективной свободы. Она объединила исторический жанр с живым бытовым наблюдением. Репин показал прошлое не как парадную хронику, а как сцену человеческого темперамента. Именно поэтому полотно сохранило актуальность и в современном восприятии.","В центре действия — писарь, фиксирующий текст, вокруг которого собираются казаки с разными темпераментами и возрастами. Кто-то хохочет, кто-то подсказывает язвительные формулировки, кто-то с вызовом смотрит прямо на зрителя. Из отдельных эпизодов складывается единый хор смеха и непокорности. Сюжет развивается не через внешнее действие, а через нарастание эмоционального накала. Репин превращает исторический анекдот в яркую драматическую сцену.","Репин прошел путь от иконописной мастерской в Чугуеве до признанного лидера русской реалистической школы. Он учился в Петербурге и рано проявил интерес к многофигурным композициям с социальной тематикой. Художник работал как в историческом, так и в портретном жанре, оставив галерею образов своей эпохи. Репин отличался требовательностью к натуре и мог годами дорабатывать важные полотна. Его творчество стало опорной точкой для последующих поколений русских художников.","Живописная ткань картины построена на сочетании теплых охристых тонов, красных акцентов и глубоких теней, что создает ощущение плотной, насыщенной среды. Репин мастерски организует многофигурную композицию: каждый персонаж индивидуален, но включен в общий ритм. Мазок свободен и энергичен, особенно в передаче тканей, кожи и металлических деталей. Взгляд зрителя перемещается по кругу лиц, постоянно возвращаясь к столу с письмом как смысловому центру. Техническая сложность не подавляет эмоциональность, а усиливает эффект живого присутствия."
"Бурлаки на Волге","Илья Ефимович Репин","Картина написана в 1870-1873 годах и стала программным произведением русского реализма. Она обратила внимание общества на тяжелый труд бурлаков и социальное неравенство. Для передвижников полотно стало примером искусства с сильным общественным высказыванием.","Сюжет строится вокруг группы бурлаков, тянущих баржу по берегу Волги. Каждый персонаж по-своему переживает усталость и жару. Внутри общей сцены художник показывает разные человеческие характеры и степени внутреннего сопротивления.","Репин собирал материал в поездках по Волге, делая натурные зарисовки. Художник внимательно наблюдал за людьми труда и стремился к психологической точности. Этот опыт укрепил его репутацию мастера социально значимой живописи.","Композиция построена горизонтально, что подчеркивает длительность и тяжесть движения. Пыльные охристые тона и палящее небо создают ощущение изнуряющей жары. Фигуры прописаны индивидуально, поэтому группа воспринимается как драматический портрет народа.","Полотно появилось в эпоху активных общественных дискуссий о судьбе реформированной России после отмены крепостного права. Репин показал бурлаков не обезличенной массой, а людьми с достоинством и внутренней силой. Картина вызвала большой резонанс, потому что сочетала художественную мощь с социальной темой. В истории русского искусства она стала одной из главных икон критического реализма. Сегодня работа воспринимается как документ эпохи и одновременно как универсальное размышление о цене человеческого труда.","Главная линия сюжета — медленное, почти мучительное движение связки людей вдоль воды. У каждого героя свой ритм шага и выражение лица: от усталой покорности до скрытого протеста. Молодой бурлак в центре кажется более выпрямленным, что намекает на возможность внутреннего сопротивления. Контраст между спокойной рекой и напряженными фигурами усиливает драму сцены. Репин превращает бытовой эпизод в масштабное повествование о человеческом испытании.","В молодости Репин получил академическую подготовку, но быстро вышел за рамки салонной традиции, выбрав путь реалиста. Он много путешествовал и работал с натурой, что сформировало его внимание к психологии персонажей. После успеха «Бурлаков» художник стал ключевой фигурой движения передвижников. Его дальнейшая карьера включала исторические полотна и портреты крупнейших деятелей культуры. Биография Репина показывает редкое сочетание профессиональной дисциплины и гражданской чувствительности.","Живописное решение основано на плотном материальном письме и тонких тональных переходах земли, одежды и кожи. Репин выстраивает ритм фигур так, что зритель буквально ощущает натяжение лямок. Свет работает не декоративно, а драматургически: он выделяет лица и подчеркивает объемы уставших тел. Пространство Волги написано более спокойно, что усиливает контраст с тяжестью переднего плана. Техническая точность служит главной задаче — вызвать эмпатию к людям."
"Взятие снежного городка","Василий Иванович Суриков","Картина создана в 1891 году и посвящена народной масленичной игре в Сибири. Суриков обратился к теме из детских воспоминаний, связав личную память с историей народной культуры. Работа стала важным этапом в развитии праздничного жанра в русском искусстве.","Сюжет показывает момент атаки конного участника на снежную крепость. Вокруг толпа зрителей, смех и азарт состязания. Сцена передает радость зимнего праздника и энергию народного действия.","Суриков родился в Красноярске и хорошо знал сибирские традиции. Он учился в Академии художеств, но сохранял интерес к народной среде и историческим темам. В его картинах часто сочетаются эпический размах и точность наблюдения.","Художник использует холодные бело-голубые тона снега и яркие цветовые акценты одежды. Композиция построена на резком движении коня и плотной массе толпы. Динамичный мазок помогает передать морозный воздух и скорость события.","Работа появилась в период, когда Суриков уже создал крупные исторические полотна, и обращение к жанровому сюжету стало важным поворотом. Картина фиксирует живую традицию масленичных забав, уходившую из повседневной жизни крупных городов. Художник соединяет этнографическую достоверность с праздничной театральностью. Благодаря этому полотно читается и как документ народной культуры, и как эмоциональный образ русской зимы. В Русском музее картина воспринимается как один из самых жизнерадостных шедевров мастера.","Сюжет строится как кульминация игры: всадник врывается в снежную преграду, а толпа реагирует единым всплеском эмоций. В картине нет статичности, каждый персонаж включен в общее движение. Лица зрителей выражают смех, удивление и азарт, создавая эффект присутствия. Пространство заполнено действием так плотно, что зритель оказывается внутри праздника. Суриков показывает народный ритуал как сцену коллективной энергии и сплоченности.","Суриков вырос в Сибири в семье с казачьими корнями, что повлияло на его интерес к истории и народным типажам. После учебы в Петербурге он стал одним из главных мастеров исторической картины. Личная трагедия и последующий творческий кризис привели его к поиску новых тем, в том числе более светлых и бытовых. «Взятие снежного городка» связано с возвращением к воспоминаниям детства и родной культурной среде. В биографии художника эта работа отмечает период внутреннего обновления.","Живописная структура картины опирается на контраст белого снега и насыщенных пятен костюмов, что создает праздничный колорит. Суриков мастерски передает ощущение морозного света, где тени имеют холодный голубоватый оттенок. Композиционный центр смещен в диагональ движения коня, из-за чего сцена кажется мгновенной и стремительной. Мазок свободный, местами почти эскизный, но лица и жесты сохраняют выразительность. В результате полотно соединяет жанровую конкретность с монументальной динамикой."
"Витязь на распутье","Виктор Михайлович Васнецов","Картина завершена в 1882 году и стала знаковым произведением русского неоромантизма. Васнецов обратился к былинной теме, создавая образ нравственного выбора. Полотно вошло в культурный канон как символ дороги и судьбы.","Сюжет показывает богатыря перед камнем с надписью, указывающей опасные пути. Герой остановился в момент раздумья перед неизвестностью. В сцене почти нет действия, но ощущается напряжение внутреннего решения.","Васнецов получил академическое образование, но рано вышел за рамки бытового жанра. Он целенаправленно развивал национальный стиль на основе фольклора и древнерусского искусства. Художник стал одним из главных авторов эпического направления в живописи.","Композиция построена фронтально и лаконично: фигура всадника и камень образуют смысловую ось. Землистая палитра и глухое небо создают тревожное настроение. Детали доспехов и пейзажа тщательно продуманы, что усиливает достоверность былинного мира.","В конце XIX века интерес к национальной старине усилился, и Васнецов оказался в центре этого художественного движения. Он стремился не иллюстрировать фольклор буквально, а создавать современные образы на основе древних мотивов. «Витязь на распутье» стал визуальной формулой исторической памяти и личного выбора. Картина многократно воспроизводилась в книгах и учебных изданиях, что укрепило ее символический статус. В музейном контексте она читается как ключ к пониманию русского эпического стиля.","Сюжет предельно сосредоточен: один всадник, один камень, безмолвный пейзаж и ощущение предстоящего испытания. Надпись на камне задает драматургию будущего, но само решение остается за героем. Зритель становится свидетелем паузы перед действием, что усиливает психологическое напряжение. Мертвые кости у дороги напоминают о цене неверного выбора. Благодаря этой сдержанности картина приобретает философскую глубину.","Виктор Васнецов начинал как жанровый художник, но постепенно нашел собственную тему в русской древности и фольклоре. Он работал не только в станковой живописи, но и в архитектурно-декоративных проектах, включая росписи храмов. Широкая художественная деятельность помогла ему сформировать цельный национальный образный язык. В биографии мастера «Витязь на распутье» стал важной вехой перехода к эпическим темам. Именно этот период закрепил его влияние на русский модерн и историческую живопись.","Полотно построено на сдержанной гамме охр, коричневых и серо-зеленых оттенков, создающих архаическое звучание. Васнецов тщательно моделирует силуэт всадника, делая его почти гербовым знаком на фоне пустынного пространства. Фактура земли и камня прописана плотнее, чем небо, что добавляет материальности переднему плану. Медленный ритм композиции контрастирует с ожидаемой битвенной динамикой и переводит акцент на внутренний конфликт. Такой прием делает живописный язык созвучным былинной эпике."
"Лунная ночь на Днепре","Архип Иванович Куинджи","Картина написана в 1880 году и стала сенсацией благодаря необычному эффекту лунного света. На первой выставке полотно показывали в затемненном зале, усиливая впечатление сияния. Работа закрепила славу Куинджи как мастера световоздушных эффектов.","Сюжет прост: ночной пейзаж с рекой Днепр под луной. Почти отсутствует повествовательное действие, главное здесь — состояние природы. Зритель наблюдает тихую, но драматичную игру света в темноте.","Куинджи происходил из Мариуполя, учился в Академии и участвовал в движении передвижников. Его путь связан с поиском новых возможностей пейзажа и экспериментов со светом. В зрелые годы он преподавал и поддерживал молодых художников.","Художник строит картину на контрасте темных масс земли и яркой лунной дорожки. Цветовая гамма ограничена, но очень выразительна за счет тонких переходов. Пространство кажется глубоким, а свет почти материальным.","Появление картины совпало с периодом интенсивных экспериментов Куинджи, когда он искал способы передать экстремальные состояния света. Публика воспринимала полотно как техническое чудо, хотя его сила связана не с трюком, а с точным колористическим расчетом. Автор использует минимальный набор мотивов и добивается монументального эффекта. Работа повлияла на представление о возможностях русского пейзажа в конце XIX века. В музейном собрании она остается одним из самых узнаваемых ночных видов.","Сюжет не разворачивается во времени, а держится на созерцании: река, горизонт и луна становятся тремя опорами композиции. Отсутствие жанровых подробностей помогает сосредоточиться на переживании тишины. Лунная дорожка работает как ведущая линия, втягивая взгляд в глубину пространства. Темный берег усиливает ощущение безмолвия и масштабности природы. Картина превращает простой пейзаж в эмоциональное событие.","Архип Куинджи прошел непростой путь от ремесленной среды к признанию в столичных художественных кругах. Он рано проявил интерес к пейзажу и постепенно отошел от бытовой повествовательности в сторону чисто живописных задач. В 1870-1880-е годы художник создал серию работ, где свет стал главным действующим лицом. Позднее Куинджи занялся преподаванием и оказал заметное влияние на учеников. Его биография показывает редкое сочетание экспериментатора и педагога.","Живопись картины строится на контрасте почти черных и светящихся участков, что создает эффект внутренней подсветки полотна. Куинджи использует плавные растяжки тона, избегая дробного мазка и лишней детализации. Благодаря этому поверхность кажется цельной и медитативной. Пространственная глубина достигается не линейной перспективой, а тональными отношениями неба, воды и берега. Такое решение делает пейзаж одновременно реалистичным и почти символическим."
"Торжественное заседание Государственного совета 7 мая 1901 года","Илья Ефимович Репин","Картина написана в 1901-1903 годах при участии учеников и представляет важный памятник государственной истории. Полотно было заказано к юбилею Государственного совета. Оно сочетает документальную точность и масштаб парадного группового портрета.","Сюжет фиксирует торжественное заседание в Мариинском дворце. В центре композиции — император и высшие сановники, размещенные по строгому церемониальному порядку. Сцена передает атмосферу официального ритуала начала XX века.","К этому времени Репин уже был признанным мастером и преподавателем с огромным опытом портретной работы. Для картины он выполнил десятки этюдов с натуры каждого участника. Этот метод позволил совместить историческую достоверность и живую психологию.","Композиция сложная и многоплановая: фигуры распределены по залу с учетом архитектуры и перспективы. Холодноватая палитра интерьера контрастирует с золотыми и красными акцентами мундиров. Тщательная проработка лиц делает полотно ценным визуальным документом эпохи.","Работа возникла как официальный заказ, но Репин подошел к нему не формально, а как к большой художественной задаче. Он организовал масштабную подготовку, включая серию индивидуальных портретных этюдов. В результате картина стала не просто парадной хроникой, а свидетельством политической культуры поздней империи. Она фиксирует структуру власти накануне глубоких исторических перемен. Для Русского музея это одно из ключевых произведений, связывающих искусство и государственную историю.","Сюжет строится на моменте официального торжества, где каждый участник включен в строгий церемониальный сценарий. При внешней статичности сцены Репин показывает множество микрожестов: взгляды, повороты головы, характерные позы. Это создает ощущение живого присутствия, а не застывшей фотографии. Пространство зала работает как театральная сцена, на которой разворачивается ритуал власти. Картина объединяет документальность и скрытую драматургию общественной иерархии.","Илья Репин к началу XX века был художником европейского уровня и влиятельным педагогом Академии художеств. Его опыт в жанре портрета позволил решать задачи массовой многофигурной композиции с высокой психологической точностью. В работе над Государственным советом он выступил как режиссер большого коллективного образа. Репин активно взаимодействовал с учениками, распределяя часть технической работы, но сохраняя общий художественный контроль. Этот проект показывает зрелый этап его биографии, где мастер совмещает реализм и монументальность.","Живописная структура полотна опирается на точную перспективу интерьера и ритм вертикалей фигур, формирующих архитектурный порядок сцены. Репин варьирует степень детализации: лица и знаковые элементы мундиров прописаны особенно тщательно, второстепенные зоны обобщены. Цветовой строй строится на холодных серо-голубых тонах зала с теплыми вспышками золота и алого. Свет распределен равномерно, подчеркивая официальность происходящего. Такое решение помогает соединить парадный стиль с реалистической конкретностью."
"Переход Суворова через Альпы","Василий Иванович Суриков","Картина создана в 1899 году к столетию итальянского похода Суворова. Суриков обратился к ключевому эпизоду военной истории России. Полотно стало одним из самых известных батальных произведений художника.","Сюжет показывает спуск русских солдат по крутому альпийскому склону во время тяжелейшего перехода. В центре — фигура Суворова, вдохновляющего войска личным примером. Сцена передает одновременно опасность, решимость и подъем духа.","Суриков известен как мастер исторической картины с мощной психологической выразительностью. Он тщательно изучал документы, местность и военную атрибутику перед работой. В его методе соединяются архивная точность и драматический художественный замысел.","Композиция построена на крутой диагонали, которая усиливает ощущение движения вниз по склону. Холодные снежные тона контрастируют с живыми лицами и яркими акцентами формы. Мазок энергичный, что передает напряжение момента и неровность рельефа.","Картина создавалась в атмосфере роста интереса к военной истории и национальным героям конца XIX века. Суриков стремился показать не парадный триумф, а реальное испытание армии в экстремальных условиях. Он подчеркивает сплоченность солдат и моральный авторитет полководца, что делает образ Суворова особенно убедительным. Работа была воспринята как патриотическое произведение, но ее сила выходит за пределы официальной риторики. Сегодня полотно ценят за сочетание исторической темы и глубокой человеческой драматургии.","Сюжет разворачивается как рискованный спуск по ледяному склону, где каждая фигура участвует в борьбе с природной стихией. Суворов показан не в отдалении, а рядом с солдатами, что усиливает идею единства командира и войска. Отдельные группы воинов передают разные состояния: страх, собранность, энтузиазм. Пространство кажется нестабильным, будто зритель сам находится на скользком уступе. Благодаря этому сцена воспринимается как живой эпизод, а не статичная историческая иллюстрация.","Василий Суриков сформировался как крупный исторический живописец, способный соединять массовую сцену с индивидуальной характеристикой персонажей. Его сибирское происхождение и интерес к национальной истории определили круг тем, связанных с сильными характерами и судьбоносными событиями. В 1890-е годы мастер пережил личные потрясения, но сохранил масштаб художественного мышления. Работа о Суворове показала его умение сочетать героический пафос с психологической достоверностью. Эта картина занимает важное место в зрелом периоде его биографии.","Живопись построена на резких диагоналях и перепадах светотени, которые визуально передают крутизну горного рельефа. Суриков использует дробный, подвижный мазок для снега и скал, создавая ощущение холода и скольжения. Фигуры солдат ритмически связаны в единую массу, но каждая сохраняет индивидуальный жест и пластику. Колористический контраст белого, серого и темно-зеленого усиливается локальными красными акцентами, оживляющими сцену. Техническая выразительность подчинена главной идее — показать напряженную энергию коллективного подвига."
"Волга","Федор Александрович Васильев","Пейзаж относится к 1870 году, периоду стремительного творческого роста Васильева. Художник сумел обновить русский лирический пейзаж, сделав его эмоционально насыщенным. Несмотря на короткую жизнь, он оказал заметное влияние на современников.","Сюжет строится на спокойном виде великой реки и широкого неба. Внешне сцена проста, но в ней ощущается скрытая драматургия погоды и пространства. Картина передает состояние природы как внутреннее переживание.","Федор Васильев рано проявил талант и быстро вошел в круг ведущих пейзажистов. Он много работал на натуре, тонко чувствовал атмосферу и свет. Художник умер очень молодым, но оставил произведения, ставшие классикой.","Живопись строится на тональных переходах неба, воды и дальних берегов. Мягкая палитра создает ощущение влажного воздуха и глубины пространства. Композиция уравновешенная, с большим вниманием к состоянию атмосферы.","Васильев писал Волгу в период активных поездок по России, когда пейзаж становился средством национального самопознания. Его интересовал не только вид местности, но и изменчивое настроение природы. В этом произведении заметна новая для времени свобода тональных отношений и цельность атмосферного впечатления. Картина отражает переход от описательного пейзажа к более психологическому видению природы. Для истории русского искусства это важный шаг к поздней лирической традиции.","Сюжет здесь почти лишен событийности: главные «действующие лица» — небо, вода и линия горизонта. Небольшие детали на берегу не нарушают общего состояния тишины. Зритель постепенно погружается в ритм медленного течения и изменчивого света. Картина работает как пауза, приглашая к созерцанию и внутреннему диалогу. Именно в этой сдержанности проявляется ее эмоциональная сила.","Федор Васильев начал путь в художественной среде Петербурга и очень быстро получил признание старших мастеров. Он общался с передвижниками и участвовал в формировании новой культуры реалистического пейзажа. Даже в юном возрасте художник демонстрировал зрелое чувство цвета и пространства. Болезнь прервала его жизнь, но не умалила значения созданных работ. Биография Васильева часто воспринимается как пример редкого, рано раскрывшегося дарования.","Картина написана тонко градуированными слоями, где главную роль играет не контур, а отношения тонов. Васильев избегает резких цветовых контрастов, добиваясь цельного атмосферного эффекта. Пространство раскрывается через постепенное ослабление насыщенности к горизонту, что создает убедительную глубину. Поверхность воды передана мягкими горизонтальными мазками, поддерживающими спокойный ритм композиции. Такое живописное решение делает пейзаж одновременно реалистичным и поэтичным."
